Athlete,LATITUDE,LONGITUDE,Description,Citation,image,time,size,image2,Sculptor,Location,CityState
Al Kaline ,42.339244,-83.048509,"Al Kaline is a former American baseball player. He played his entire twenty-two year career with the Detroit Tigers. Kaline won the Golden Glove award ten times, he is an eighteen time all star, and a World Series champion. ", https://en.wikipedia.org/w/index.php?title=Al_Kaline&oldid=905559995.,https://ilitchnewshub.com/wp-content/gallery/comerica-statues/Kaline.jpg,2000,3,,"Omri Amrany, Julie Rotblatt Amrany, & Lou Cella",Comerica Park,"Detroit, Michigan"
Al Lopez,27.989397,-82.503166,"Al Lopez was a Spanish-American baseball player. He played from 1927 to 1948 and he played for the Brooklyn Robins/Dodgers, Boston Bees, Pittsburgh Pirates, and the Cleveland Indians. In addition to being a successful player, he was also a team manager for the Cleveland Indians and the Chicago White Sox. 
", https://en.wikipedia.org/w/index.php?title=Al_L%C3%B3pez&oldid=903762741.,https://lh4.googleusercontent.com/proxy/TOl8EySpGp3kBiT4hlJotg-6VBN8bdh_RclHaJHzOm9Rlr1E2uFdOtO99ZyVrhcrZaWkFCWb3ZMCuy6i50PZ5rjUnfZuaH_7QUcOFIfVe7cQ4fIWYOU6e3p2o7Y,2011,3,,Stephen Dickey,Al Lopez Park,"Tampa, Florida"
Allen Iverson ,39.904294,-75.169277,"Allen Iverson is a former American professional basketball player. He played in the league for fourteen seasons and in that time he won many rewards. He was Rookie of the Year in 1997, He is an 11-time All Star, was the NBA's MVP in 2001. He was inducted into the Naismith Memorial Basketball Hall of Fame in 2016.",https://en.wikipedia.org/wiki/Allen_Iverson,https://www.courierpostonline.com/gcdn/authoring/authoring-images/2024/04/12/PCHH/73307235007-allen-iverson-sculpture-unveil-ceremony-18.jpg,2024,3,,Chad Fisher,Philadelphia 76ers Practice Facility,"Camden, New Jersey"
Althea Gibson ,40.758807,-74.180353,Althea Gibson is an American former tennis player and golfer. She was the first African American athlete to cross the color line in tennis and she was the first African American player to win a Grand Slam title. She changed the game of tennis and blazed a trail for the women of color who came after her. , https://en.wikipedia.org/w/index.php?title=Althea_Gibson&oldid=906339806.,https://warrensculpture.com/wp-content/uploads/2021/09/Althea-Gibson-bronze-sculpture-by-Jay-Warren.jpg,1995,3,,Eric Goulder,USTA Billie Jean King National Tennis Center,"Flushing, New York"
Annie Oakley ,40.116659,-84.62055556,"Annie Oakley was an American former shooter and performer. She began shooting when she was a teenager as a means to help support her family. She eventually entered into a shooting contest where she met her future husband, Frank butler. Oakley and Butler joined a various Wild West shows and performed across the country. Oakley_s statue stands in Annie Oakley Memorial Park in Greenville, Ohio, the city where Oakley was born.
", https://centerofthewest.org/explore/buffalo-bill/research/annie-oakley/.,https://miro.medium.com/v2/resize:fit:1400/1*vfs2n6HKdESf5a4MDNavtQ@2x.jpeg,1988,3,,Terry Mimnaugh,Annie Oakley Memorial Plaza,"Greenville, Ohio"
Arnold Palmer ,28.458448,-81.510627,"Arnold Palmer was an American professional golfer. He was nicknamed _the King_ and was one of the biggest stars in the early years of televised sports in the 1950s. Palmer won the PGA Tour 62 times; he won the PGA Tour Champions ten times, and the European Tour two times. ", https://en.wikipedia.org/w/index.php?title=Arnold_Palmer&oldid=906828876.,https://i0.wp.com/www.denverpost.com/wp-content/uploads/2017/03/653300528.jpg?w=810&crop=0%2C0px%2C100%2C9999px,2017,3,statue_images/ArnoldPalmer86.jpg,Bruce Wolfe,Bay Hill Club & Lodge,"Bay Hill, Florida"
Arthur Ashe ,37.565395,-77.479063,"Arthur Ashe was an American tennis player. Ashe played tennis from 1969 to his retirement in 1980. Ashe is the first African American man to win the singles title at Wimbledon, the U.S. Open, and the Australian Open. Ashe was an outspoken civil rights supporter and activist. ", https://en.wikipedia.org/w/index.php?title=Arthur_Ashe&oldid=906060573.,https://i.redd.it/gfoz5fvsh4901.jpg,2012,3,statue_images/ArthurAshe60.jpg,Paul DiPasquale,Monument Avenue ,"Richmond, Virginia "
Babe Ruth ,39.284101,-76.621533,"Babe Ruth was an American former baseball player. He played for twenty-two seasons in the MLB, from 1914 to 1935. Ruth played for the Boston Red Sox and Boston Braves but gained notoriety during his time with the New York Yankees. He was a two-time All Star, a seven-time World Series champion, and a twelve-time American League home run leader.
", https://en.wikipedia.org/w/index.php?title=Babe_Ruth&oldid=906962148.,https://www.majesticpark.org/wp-content/uploads/2023/02/Babe-Ruth-Statue-2.jpg,1985,3,statue_images/BabeRuth27.jpg,Susan Luery,Oriole Park,"Baltimore, Maryland"
Ben Hogan ,32.717356,-97.372749,"Ben Hogan was an American golfer who was best known for his swing and ability to strike the ball in a particular way. He became a professional in 1930 and retired in 1971. Hogan was inducted into the Golf Hall of Fame in 1974. He was the PGA Player of the Year four times and the Associated Press_ Male Athletes of the Year in 1953.
", https://en.wikipedia.org/w/index.php?title=Ben_Hogan&oldid=906675406.,https://i.pinimg.com/736x/0a/6f/41/0a6f41a76e35066003cdb17cdd1573aa.jpg,2001,3,,Paul Tadlock,Colonial Country Club,"Fort Worth, Texas"
Bill Russell ,42.360558,-71.057982,"Bill Russell is an American former basketball player and coach. He played for the Boston Celtics from 1956 to 1969 and has been routinely named as one of the greatest players of all time. Russell was one of the first African American players to really achieve superstar status in the NBA. He is an eleven time NBA champion, a twelve time All Star, and a five time NBA Most Valuable Player. ", https://en.wikipedia.org/w/index.php?title=Bill_Russell&oldid=908390387.,https://dynamic-media-cdn.tripadvisor.com/media/photo-o/2a/83/3a/47/caption.jpg?w=1200&h=-1&s=1,2004,3,,Ann Hirsch,City Hall Plaza,"Boston, Masachusetts"
Billy Kidd ,40.47741667,-106.8233333,"Billy Kidd is an American former World Cup alpine ski racer. He was also a part of the Olympic team and has won four medals over his career. One of the medals is from the 1964 Olympic games in Austria and the other three were earned at World Championships. Kidd_s statue is located at the Steamboat Ski Resort in Colorado, where he continues to work as a director. 

", https://en.wikipedia.org/w/index.php?title=Billy_Kidd&oldid=907875562.,https://www.davewilsonphotography.com/wp-content/uploads/2012/01/Steamboat-2611.jpg,1991,3,,Maurice Turetsky,Steamboat Springs Ski Resort,"Steamboat Springs, Colorado"
Bob Cousy ,42.234972,-71.806276,"Bob Cousy is a former American basketball player. Cousy played most of his career with the famed Boston Celtics from 1950 to 1963. Cousy played at Holy Cross where he became an NCAA champion. He later became a six time NBA champion, NBA Most Valuable Player, and a thirteen time NBA all star. ", https://en.wikipedia.org/w/index.php?title=Bob_Cousy&oldid=904442633.,https://cofchoops.files.wordpress.com/2010/11/coach-cremins-bob-cousy-statue.jpg,2008,3,statue_images/BobCousy105.jpg,Omri Amrany ,Luth Athletic Complex,"Worcester, Massachusetts"
Bob Feller ,41.496331,-81.68525,"Bob Feller was an American baseball player who played for the Cleveland Indians from 1936 to 1956. Feller was a pitcher and was nicknamed _The Heater from Van Meter_ and _Bullet Bob._ He was an eight time all star, a World Series Champion, and he pitched three no hitters. ", https://en.wikipedia.org/w/index.php?title=Bob_Feller&oldid=906119823.,https://oefv17-assets-dev.s3.amazonaws.com/place_assets/images/000/002/926/original/Bob_Feller_Statue.jpg?1573578888,1994,3,,Gary Ross,Progressive Field,"Cleveland, Ohio"
Bob hoffman ,40.023581,-76.742596,"Bob Hoffman rose to prominence as a weightlifter and sport entrepreneur. He coached the Olympic weightlifting team from 1936 to 1968. He ultimately moved from weightlifting to bodybuilding. 
", https://en.wikipedia.org/w/index.php?title=Bob_Hoffman_(sports_promoter)&oldid=893698815.,https://www.discoverlancaster.com/imager/assets_simpleviewinc_com/simpleview/image/upload/crm/discoverlancaster/YorkBarbell_MainPhoto0-095cb5df5056a36_095cb6fe-5056-a36a-09c81fcd9c694e09_8ef7ea6302ebfbef14fae837bb7b9c7d.jpg,1975,3,statue_images/Bobhoffman43.jpg,Unknown,U.S.A. Weighlifting Hall of Fame,"York, Pennsylvania"
Bobby Orr ,42.366272,-71.060307,Bobby Orr is a former Canadian hockey player who played in the NHL for twelve seasons. He played ten seasons with the Boston Bruins and two seasons with the Chicago Black Hawks. Orr took the Bruins to their first championship in franchise history and they won two Stanley Cup titles while he was on the team. , https://en.wikipedia.org/w/index.php?title=Bobby_Orr&oldid=908269585.,https://arc-anglerfish-arc2-prod-bostonglobe.s3.amazonaws.com/public/EG3JABT6KAI6THE2ZSRNDKCU6Y.jpg,2010,3,,Harry Weber,TD Garden,"Boston, Massachusetts"
Brandi Chastain,34.161577,-118.16755,"Brandi Chastain is a fromer member of the 1999 Women_s World Cup soccer team. She scored the winning goal in the penalty kick shootout against China at the Rose Bowl in Los Angeles, California. She was inducted into the National Soccer Hall of Fame in 2017.",https://www.nytimes.com/2019/07/05/sports/soccer/brandi-chastain-womens-world-cup-image.html.,https://media.nbclosangeles.com/images/652*367/brandi-chastain-statue-soccer-july-11-2019.jpg,2019,3,statue_images/BrandiChastain123.jpg,Brian Hanlon,Rose Bowl Stadium ,"Pasadena, California"
Brooks Robinson ,39.285175,-76.623068,"Brooks Robinson is an American retired baseball player. HE played for twenty-two seasons for the Baltimore Orioles, from 1966 to 1977. Robinson is an eighteen-time All Star, a two-time World Series champion, and a sixteen-time Gold Glove award winner. ", https://en.wikipedia.org/w/index.php?title=Brooks_Robinson&oldid=906548924.,http://2.bp.blogspot.com/-KVtNnsiLpfg/Tr1tQvfEq7I/AAAAAAAAADQ/rxD4GCouKrk/s1600/Brooks+statue1.JPG,2009,3,statue_images/BrooksRobinson30.jpg,Joseph Sheppard,Oriole Park,"Baltimore, Maryland"
Cal Ripken Jr. (Baltimore),39.28380556,-76.62194444,"Cal Ripken Jr. is an American retired baseball player. He played for a total of twenty-one seasons for the Baltimore Orioles from 1981 to 2001. Ripken played shortstop and third base and he still holds the record for most homeruns by a short stop. 
", https://en.wikipedia.org/w/index.php?title=Cal_Ripken_Jr.&oldid=908136591.,https://eutawstreetreport.com/wp-content/uploads/2013/03/calstatue.jpg,1997,3,,Susan Luery,Cal Ripken Stadium,"Aberdeen, Maryland"
Cal Ripken Jr.  (Aberdeen),39.5096,-76.1641,"Cal Ripken Jr. is a nineteen time All Star, a World Series champion, and a two-time Gold Glove Award winner. He was inducted into the National Baseball Hall of Fame in 2007 and the Baltimore Orioles retired his number in 2001. 
", https://en.wikipedia.org/w/index.php?title=Cal_Ripken_Jr.&oldid=908136591.,https://static01.nyt.com/images/2012/09/08/sports/07orioles-1/07orioles-1-jumbo.jpg,2012,3,statue_images/CalRipken34.jpg,Toby Mendez,Oriole Park,"Baltimore, Maryland"
Carl Lewis ,29.726766,-95.348257,"Carl Lewis is an American former Track and Field athlete. Lewis won a total of twenty-eight medals throughout his career; ten Olympic medals, ten World Championship medals, three medals at the Pan American Games, and five medals at the Goodwill Games. He is one of only three Olympic athletes to win gold medals in the same event at four consecutive Olympics. 
", https://en.wikipedia.org/w/index.php?title=Carl_Lewis&oldid=907468760.,https://houstonalumni.com/wp-content/uploads/2018/11/Carl-Lewis-20090903-001-1.jpg,1994,3,statue_images/CarlLewis61.jpg,Unknown,Unknown,Unknown
Carl Yastrzemski ,42.34689,-71.097218,"Carl Yastrzemski is a former American baseball player. Yastrzemski played his entire baseball career with the Boston Red Sox from 1961 to 1983. Yastrzemski is an eighteen time all-star, an American League Most Valuable Player, and seven-time Gold Glove award winner. He was inducted into the Baseball Hall of Fame in 1989.", https://en.wikipedia.org/w/index.php?title=Carl_Yastrzemski&oldid=907304390.,https://shescaughtinarundown.files.wordpress.com/2013/09/20130922_144329.jpg,2013,3,statue_images/CarlYastrzemski96.jpg,Antonio Mendez,Fenway Park,"Boston, Massachusetts"
Cy Young ,42.33225,-71.01638889,"Cy Young was an American professional baseball player. He played in the league from 1890 to 1911 for the Cleveland Spiders, St. Louis Perfectos/Cardinals, Boston Americans/Red Sox, Cleveland Naps, and the Boston Rustlers. He was a World Series champion, a two-time strikeout leader, and a two-time ERA leader. ", https://en.wikipedia.org/w/index.php?title=Cy_Young&oldid=905958406.,https://live.staticflickr.com/7209/6794389614_f4598b1aa3_b.jpg,1993,3,,Robert Shure,Northeastern University,"Boston, Masachusetts"
Dale Earnhardt Sr. (Florida),29.185625,-81.070558,Earnhardt is known as one of the most prolific NASCAR drivers in racing history. He won a total of 76 Winston Cup races. In 2001 Earnhardt died due to complications he suffered in a crash during the final lap of the Daytona 500. _Dale Earnhardt., https://en.wikipedia.org/w/index.php?title=Dale_Earnhardt&oldid=908153925.,https://www.roadsideamerica.com/attract/images/fl/FLDAYdaytonausa_1583.jpg,2002,3,,John Lajba,Daytona International Speedway,Daytona Beach Florida
Dale Earnhardt Sr. (North Carolina),35.497179,-80.625147, Dale Earnhardt Sr. was an American professional auto-racing driver. Earnhardt is best known for his stock car racing in NASCAR. He was inducted into the NASCAR Hall of Fame in 2001., https://en.wikipedia.org/w/index.php?title=Dale_Earnhardt&oldid=908153925.,https://cdn.lib.unc.edu/commemorative-landscapes/media/monument/69_full.jpg,2002,3,statue_images/DaleEarnhardt95.jpg,Clyde Ross Morgan ,Dale Earnhardt Plaza,"Kannapolis, North Carolina"
Dan Marino ,25.958237,-80.238893,"Dan Marino is a former American football player who played for the Miami Dolphins for seventeen seasons. Marino was the starting quarterback for the Dolphins from 1983 to 1999. Marino is a nine time pro bowl selection, an NFL Most Valuable Player, and a five time NFL passing yards leader. ", https://en.wikipedia.org/w/index.php?title=Dan_Marino&oldid=908355562.,https://i.pinimg.com/originals/a9/bb/b3/a9bbb3cfad5aa7e169d9385fdbe04657.jpg,2019,3,statue_images/DanMarino98.jpg,George Lundeen,Hard Rock Stadium,"Miami Gardens, Florida"
Doug Flutie ,42.335326,-71.16649,"Doug Flutie is a former American football player and he played football from 1981 to 2005. His famed career started at Boston College where he won the Heisman Trophy in 1985. He was drafted 285th overall in the NFL draft, making him the lowest drafted Heisman Trophy winner to date. He ultimately signed with the Los Angeles Rams and was traded to the Chicago Bears almost immediately. He went on to play in the Canadian League and eventually ended his career in 2005 with the New England Patriots.", https://en.wikipedia.org/w/index.php?title=Doug_Flutie&oldid=908204373.,http://www.insidesocal.com/usc/files/2014/09/FLUTIE.jpg,2008,3,statue_images/DougFlutie91.jpg,Harry Weber,Boston College Alumni Stadium ,"Chestnut Hill, Massachusetts"
Dutch Clark ,38.26925,-104.6127778,"Dutch Clark was an American former football player and coach. He played for the Portsmouth Spartans/Detroit Lions from 1931 to 1938. Clark was among the first to be inducted into the College Football Hall of Fame in 1951 and was among the first selections to the Pro Football Hall of Fame in 1963. He was an NFL champion, a six-time First-Team All Pro selection, and a three-time NFL rushing touchdown leader. 
", https://en.wikipedia.org/w/index.php?title=Dutch_Clark&oldid=905322856.,https://scalar.usc.edu/works/pueblo-football-rivalry/media/IMG_1279.jpeg,1981,3,,Nick Latka & Tom Latka,Dutch Clark Stadium,"Pueblo, Colorado"
Earl Campbell ,30.283867,-97.73232,"Earl Campbell is an American former football player. He played professionally for the Houston Oilers and the New Orleans Saints from 1978 to 1985. His played his college career at the University of Texas, where he won the Heisman trophy in 1977. His statue stands outside of Darrell K. Royal-Texas Memorial Stadium at the University of Texas in Austin. ", https://en.wikipedia.org/w/index.php?title=Earl_Campbell&oldid=905322407.,https://www.bronzesgallery.com/wp-content/uploads/2023/11/bronze-Earl-Campbell-Statue.jpg,2005,3,,David Deming,"Darrell K Royal-Texas Memorial Stadium at University of Texas, Austin","Austin, Texas"
Eddie Murray,39.28380556,-76.62194444,"Eddie Murray is an American retired baseball player. Murray was nicknamed _Steady Eddie_ and spent twenty seasons in the MLB. He played from 1977 to 1997 for various clubs including the Baltimore Orioles, Los Angeles Dodgers, New York Mets, Cleveland Indians, and Anaheim Angels. He is an eight-time All Star, a World Series champion, and three-time Gold Glove award winner. ", https://en.wikipedia.org/w/index.php?title=Eddie_Murray&oldid=896985590.,https://salcorntrav.files.wordpress.com/2014/09/eddie-murray.jpg,2012,3,statue_images/EddieMurray33.jpg,Antonia Mendez,Oriole Park,"Baltimore, Maryland"
Elgin Baylor ,34.043311,-118.266999,"Elgin Baylor is an American former basketball player, who eventually became a coach and executive in the NBA. He played a total of fourteen seasons for the Minneapolis/Los Angeles Lakers franchises. He is an eleven time NBA All Star, an NBA All Star Game Most Valuable Player, and a ten time All-NBA First Team selection. 
", https://en.wikipedia.org/w/index.php?title=Elgin_Baylor&oldid=906230086.,https://i.pinimg.com/originals/ea/4d/95/ea4d9586c04ec882e4afbce689a4dfc6.jpg,2000,3,statue_images/ElginBaylor62.jpg,Omri Amrany & Julie Rotblatt Amrany ,Star Plaza at Crypto.com Arena ,"Los Angeles, California"
Enos Slaughter ,38.622459,-90.192671,"Enos Slaughter was an American baseball player who played 19 seasons in the MLB. He was a ten time all star, a four-time World Series champion, and has been elected to the National Baseball Hall of Fame.", https://en.wikipedia.org/w/index.php?title=Enos_Slaughter&oldid=906948517.,http://www.lightrainproductions.com/images/Misc%20Photos/2005%20Jun%20Busch%20Stadium/Busch%20Stadium%20Web%20page/Enos-Slaughter1.jpg,1999,3,statue_images/EnosSlaughter110.jpg,Harry Weber,Busch Stadium,St. Louis Missouri
Ernie Banks ,41.94851,-87.655419,"Ernie Banks was an American baseball player. Banks played both first base and shortstop for the Chicago Cubs. Banks was nicknamed _Mr. Cub_ and played for the ball club from 1953 to 1971. Banks was a fourteen time all star, a two time National League Most Valuable Player, and a two-time National League homerun leader.", https://en.wikipedia.org/w/index.php?title=Ernie_Banks&oldid=902338085.,https://live.staticflickr.com/65535/49743727148_5ef58100fc_z.jpg,2008,3,,Lou Cella,Wrigley Field,"Chicago, Illinois"
Ernie Davis ,43.03625,-76.13777778,"Ernie Davis was an American football player. He had a successful college career at Syracuse where he won the Heisman Trophy in 1961; he was the first African American person to with the award. He was the first pick in the 1961 draft by the Washington Redskins, but was immediately traded to the Cleveland Browns. Davis was diagnosed with leukemia in 1962 and died before he even got to play a single professional game. ", https://en.wikipedia.org/w/index.php?title=Ernie_Davis&oldid=899294196.,https://images.fineartamerica.com/images/artworkimages/mediumlarge/3/ernie-davis-statue-syracuse-university-5253-jack-schultz.jpg,2009,3,,Bruno Lucchesi,Syracuse University,"Syracuse, New York"
Florence Griffith Joyner ,33.631796,-117.635071,"Florence Griffith Joyner was an American Track and Field athlete. She is widely considered the fastest woman in the world and still holds the records for the 100 and 200-meter races, records that she set in 1988. Griffith Joyner competed in both the Seoul and Los Angeles Olympics; she won three gold medals and one silver in Seoul and one silver medal in Los Angeles. ", https://en.wikipedia.org/w/index.php?title=Florence_Griffith_Joyner&oldid=907144149.,http://thingstodoorangecounty.net/wp-content/uploads/2010/05/DSC_0163.jpg,2007,3,statue_images/FlorenceGriffith54.jpg,Dave Chapple,Olympiad Park,"Mission Viejo, California"
Frank Howard ,38.873261,-77.007433,"Frank Howard is an American former baseball player, coach, and manager. He played in the MLB from 1958 to 1973 for the Los Angeles Dodgers, Washington Senators/Texas Rangers, and the Detroit Tigers. He is a four time All Star, a World Series Champion, and a two-time American League home run leader.", https://en.wikipedia.org/w/index.php?title=Frank_Howard_(baseball)&oldid=895292331.,https://live.staticflickr.com/6056/5897539094_2fc7d13ce3_b.jpg,1995,3,,Omri Amrany & Julie Rotblatt Amrany ,Nationals Park,Washington D.C.
Frank Robinson ,39.28380556,-76.62194444,"Frank Robinson was an American baseball player. He played for twenty seasons, from 1956 to 1976. He is the only player to be named Most Valuable Player on teams in both the American and National League. Robinson is a fourteen time All Star, a two-time World Series champion, and a National League Rookie of the Year. He was inducted into the National Baseball Hall of Fame in 1982. 
", https://en.wikipedia.org/w/index.php?title=Frank_Robinson&oldid=908319978.,https://salcorntrav.files.wordpress.com/2014/09/frank-robinson.jpg,2012,3,statue_images/FrankRobinson32.jpg,Toby Mendez,Oriole Park,"Baltimore, Maryland"
Frank White Jr. ,39.05183,-94.480357,"Frank White Jr. is an American former baseball player. He played in the MLB for eighteen seasons for the Kansas City Royals. White is a five time All Star, a World Series champion, and an eight time Gold Glove award winner. 
", https://en.wikipedia.org/w/index.php?title=Frank_White_(baseball)&oldid=896515366.,https://storage.googleapis.com/clio-images/large_5803_4289f_lg.jpg,2001,3,,Harry Weber,Kauffmann Stadium,"Kansas City, Missouri"
George Brett,39.05183,-94.480357,"George Brett is an American former baseball player. He played twenty one seasons in the MLB and he played his whole career for the Kansas City Royals. Brett is a thirteen-time All Star selection, a World Series Most Valuable Player, and an American League Most Valuable Player. 
", https://en.wikipedia.org/w/index.php?title=George_Brett&oldid=904503153.,https://gobeesblog.files.wordpress.com/2008/07/p10100121.jpg,2004,3,statue_images/GeorgeBrett50.jpg,Kwan Wu,Kauffmann Stadium,"Kansas City, Missouri"
George Woolf ,34.138268,-118.044868,"George Woolf was a Canadian born thoroughbred racehorse jockey. Woolf is bet known for his 1938 race when he rode Seabiscuit to victory over a heavily favored horse at the Pimlico special in Baltimore. Over his career Woolf won ninety-seven major races in the United States. 
", https://en.wikipedia.org/w/index.php?title=George_Woolf&oldid=880190121.,https://travelswithmaitaitom.com/wp-content/uploads/2015/06/P1010349-e1435624424188.jpg,1949,3,statue_images/GeorgeWoolf48.jpg,Hughlette 'Tex' Wheeler,Santa Anita Park,"Arcadia, California"
Grand Master H.U Lee ,34.76663889,-92.30611111,"Haeng Ung Lee was born in Manchuria, China in 1936. In 1956 Lee entered the Korean Army as a martial arts trainer and three years later he opened a Taekwondo school at the American air base, Osan Air Base. In 1969, Lee founded the American Taekwondo Association. After becoming an American citizen in 1973, Lee received various awards for business, civic activities, and his continued to commitment to the martial arts. In 1999, Lee escorted martial arts instructors into North Korea as an attempt to encourage peace between the two countries.", http://www.grandmasterhulee.com/eternal-grand-master-h-u-lee-timeline/.,https://s3.amazonaws.com/gs-waymarking-images/26873a18-ee8e-4136-ad0d-333f5300d0e0.JPG,2001,3,statue_images/GrandMaster3.jpg,Unknown,Songahm Martial Arts Gate,"Little Rock, Arkansas"
Gretchen Fraser ,43.6971,-114.3517,Gretchen Fraser was an American alpine skier. Fraser was the first American Olympian to win a gold medal in skiing. She won the medal in 1948., https://en.wikipedia.org/w/index.php?title=Gretchen_Fraser&oldid=902398290.,https://encrypted-tbn0.gstatic.com/images?q=tbn:ANd9GcT80V3aJgqVkNJu481QljodeCD4ot04C3CNEw&s,2018,3,,Ben Victor,Sun Valley Ski Resort,"Sun Valley, Idaho"
Gretchen Fraser (2),43.6973,-114.3517,Gretchen Fraser was an American alpine skier. Fraser was the first American Olympian to win a gold medal in skiing. She won the medal in 1948.,https://www.pugetsound.edu/stories/hidden-gold,https://benjaminvictor.com/wp-content/uploads/2016/08/Fraser-18.jpg,2018,3,,Ben Victor,Sun Valley Ski Resort,"Sun Valley, Idaho"
Hank Aaron ,43.028009,-87.970882,"Hank Aaron is an American former baseball player. He played twenty-one seasons in the MLB from 1954 to 1976 and he played for the Milwaukee/Atlanta Braves and the Milwaukee Brewers. Before embarking on his MLB career, Aaron played one season in the Negro Leagues for the Indianapolis Clowns. He is a twenty-five time All Star, a World Series champion, and a National League Most Valuable Player. ", https://en.wikipedia.org/w/index.php?title=Hank_Aaron&oldid=907459375.,https://img.mlbstatic.com/mlb-images/image/private/t_16x9/t_w1024/mlb/vwqam0c20gwlz2n454us,1986,3,statue_images/HankAaron45.jpg,Ed Dwight,Atlanta Fulton County Stadium ,"Atlanta, Georgia"
Harmon Killebrew ,44.981955,-93.277353,"Harmon Killebrew was an American baseball player. He played first base, third base, and left field. Killebrew played for the Minnesota Twins, the Washington Senators, and the Kansas City Royals. He was a thirteen time all star, a six-time American League home run leader and a three time American League runs batted in (RBI) leader.", https://en.wikipedia.org/w/index.php?title=Harmon_Killebrew&oldid=905646720.,https://mlblogstheballparkguide.files.wordpress.com/2018/04/target-field-harmon-killebrew-statue.jpg,2010,3,statue_images/HarmonKillebrew103.jpg,Bill Mack,Target Field ,"Minneapolis, Minnesota"
"Harold ""red"" Grange ",40.099326,-88.325945,"Harold _Red_ Grange was an American football player. He played for the University of Illinois and the Chicago Bears. In 2008 he was named the best college player of all time by ESPN. Grange was a two-time NFL champion, Big Ten Most Valuable Player, and three time All American. ", https://en.wikipedia.org/w/index.php?title=Red_Grange&oldid=905281919.,https://s3.amazonaws.com/gs-waymarking-images/4b174126-3842-4258-b25b-bfcfc0d88340.jpg,2014,3,"statue_images/Harold""red""108.jpg",Ken Lund,Memorial Stadium @ University of Illinois,"Champaign, Illinois"
Harold Baines ,38.6226,-90.1928,"Harold Baines is a former American Baseball player who played for the Chicago White Sox, Texas Rangers, Oakland Athletics, Baltimore Orioles, and the Cleveland Indians. Baines is a six time all star, a World Series champion, and has been inducted into the Baltimore Orioles Hall of Fame. He coached the Chicago White Sox from 2005 to 2014 and ultimately became a spring training instructor for the team.", https://en.wikipedia.org/w/index.php?title=Harold_Baines&oldid=907756129.,http://www.rotblattamrany.com/wp-content/uploads/2012/11/27-Harold-Baines.jpg,2008,3,statue_images/HaroldBaines111.jpg,Sean Bell,US Cellular Field ,"Chicago, Illinois"
Harry Agganis ,42.352428,-71.11773,"Harry Agganis was an American baseball player. He played two seasons for the Boston Red Sox from 1954 to 1955; he became gravely ill in 1955 and eventually died of a pulmonary embolism. Before embarking on his professional baseball career, Agganis played collegiate football at Boson University and he became the first All-American. 
", https://en.wikipedia.org/w/index.php?title=Harry_Agganis&oldid=894571192.,https://boston.fandom.com/wiki/Harry_Agganis?file=Harryagganis_statue.jpg,2012,3,statue_images/HarryAgganis49.jpg,Armand LaMontagne,"Agganis Arena, Boston University","Boston, Masachusetts"
J.P. Honus Wagner ,40.447051,-80.005698,"J.P. Honus Wagner was an American former baseball player. Wagner played twenty-one seasons in the MLB; he played from 1987 to 1917. He was elected to the Baseball Hall of Fame in 1936; he was one of its first five members. Wagner is a World Series champion, an eight time National League batting champion, and a five time National League stolen base leader. 
", https://en.wikipedia.org/w/index.php?title=Honus_Wagner&oldid=906833552.,https://www.hmdb.org/Photos5/538/Photo538432.jpg,2004,3,,Frank Vittor ,PNC Park,"Pittsburgh, Pennsylvania"
Jack Johnson ,29.296273,-94.794934,"Jack Johnson was an American boxer who became the first African American world heavyweight champion. In 1910 Johnson defeated James Jeffries in what was called the _fight of the century._ Johnson became the most famous athlete in the United States and became part of the larger legacy of racism during the Jim Crow era. Johnson_s confident demeanor in the face of such racism did not bode well for the athlete as he was arrested and eventually had to spend time in prison due to racist laws regarding his relations with white women. Johnson fought a total of 104 fights and lost only 13 of those contests.
", https://en.wikipedia.org/w/index.php?title=Jack_Johnson_(boxer)&oldid=908127704.,https://i.pinimg.com/originals/54/a8/12/54a8128f311112c4f74c3d874f72e5a0.jpg,2012,3,statue_images/JackJohnson7.jpg,Adrienne Isom,Jack Johnson Park,"Galveston, Texas"
Jack Trice ,42.02544444,-93.62666667,"In 1922 Jack Trice became the first African American football player at Iowa State University. He died in 1923 after complications from a hit that he sustained during a game against the University of Minnesota. Trice_s death highlighted the violence in football and some teammates suggested that the hit on Trice was racially motivated. 
In 1997 the football stadium the Iowa State University was officially named Jack Trice Stadium, making it the only division one football stadium named after an African American person.", https://theundefeated.com/features/jack-trice-life-and-football-career-were-tragically-cut-short/.,https://www.inside.iastate.edu/media/2019/04/BKJF-250.jpg,1988,3,,Christopher Bennett,Jack Trice Stadium,"Ames, Iowa"
Jackie Robinson (Brooklyn) ,40.678029,-73.951833,"Jackie Robinson was an American baseball player who became the first African American person to play in the MLB. Robinson was chosen from the Negro Leagues and recruited by the Brooklyn ball club, the Montreal Royals. The general manager of the Brooklyn Dodgers, Branch Rickey, made a point to try and rile Robinson up with racial comments just to see if he could take it in the major leagues. ", https://www.biography.com/athlete/jackie-robinson.,https://brooklyneagle.com/wp-content/uploads/2015/09/jackie_robinson_statue.jpg,2013,3,,William Behrends,Maimonides Park,"Brooklyn, New York"
Jackie Robinson (Dodgers Stadium) ,34.0738,-118.240784,"The Jackie Robinson statue at the Dodger_s Stadium was dedicated in the spring of 2017. The statue is the first to be erected at the famed stadium. The day of the dedication was April 15, 2017 and this marks the sixty-year anniversary of when Robinson broke the color line in the MLB.", https://www.mlb.com/news/dodgers-unveil-statue-of-jackie-robinson-c224552286.,https://assets-cms.thescore.com/uploads/image/file/451498/w640xh480_GettyImages-1232287935.jpg?ts=1618532487,2017,3,,Branly Cadet,Dodger Stadium,"Chavez Ravine, California"
Jackie Robinson (New Jersey),40.732575,-74.063823,"On April 18, 1926 Jackie Robinson ushered in the integrated era of baseball. This game was Robinson_s professional debut with the Montreal Royals and was against the Jersey City Giants. A year later Robinson would be called up to Brooklyn where he would break the major league color line. ", https://njmonthly.com/articles/jersey-living/jersey-celebrities/jackie-robinson-baseballs-finest-moment/.,https://artsology.com/images/arts-adventures/jackie-robinson-sculpture.jpg,1998,3,,Susan Wagner,Journal Square Transportation Center,"Jersey City, New Jersey"
"Jackie Robinson (Rose Bowl,Football) ",34.1613,-118.1676,The Jackie Robinson statue at the Rose Bowl was unveiled in November of 2017. The statue depicts Robinson in his football uniform to celebrate his playing career at UCLA., https://dodgers.mlblogs.com/jackie-robinson-statue-unveiled-at-rose-bowl-25c95fa12070.,https://sportsnaut.com/wp-content/uploads/2017/11/IMG_0778.jpg,2005,3,statue_images/JackieRobinson24.jpg,Brian Hanlon,Rose Bowl Stadium,"Pasadena, California"
"Jackie Robinson (UCLA, Baseball) ",34.0699,-118.4438,"The Jackie Robinson statue at UCLA is located outside of the Jackie Robinson baseball stadium. While attending UCLA Robinson became the first person to letter in four varsity sports: baseball, track, basketball, and football. While Robinson played for UCLA, it was the most integrated football team in all of college football.", https://alumni.ucla.edu/ucla-history/ucla-history-3/.,http://2.bp.blogspot.com/-OTaXmH3l3IQ/UQ3r1DRwdaI/AAAAAAAAFi4/FQ7WfpQVeNY/s1600/IMG_9132.JPG,2017,3,statue_images/JackieRobinson26.jpg,Richard H. Ellis,University of California Los Angeles ,"Los Angeles, California"
James Brendan Connolly ,42.323167,-71.05073,"James Brendan Connolly was an American Olympic athlete. Connolly competed in the first iteration of the modern Olympic games in 1896 in Athens where he won three medals; a gold I the triple jump, a silver in the high jump, and a bronze in the long jump. He competed in the 1900 Olympics in Paris and won a silver medal in the triple jump.
", https://en.wikipedia.org/w/index.php?title=James_Brendan_Connolly&oldid=882152647.,https://scavengerinsouthie.files.wordpress.com/2012/07/img_2884.jpg,2011,3,statue_images/JamesBrendan47.jpg,Thomas Haxo,Columbus Park ,"Boston, Masachusetts"
Jeff Bagwell ,29.757512,-95.355504,"Jeff Bagwell is a former American baseball player who played his entire fifteen-year career for the Houston Astros. Bagwell played first base for the Astros from 1991 to 2005. Bagwell was a four time all star, the National League Most Valuable player, and three-time Silver Slugger award.", https://en.wikipedia.org/w/index.php?title=Jeff_Bagwell&oldid=908498820.,https://i.pinimg.com/originals/0a/0e/3f/0a0e3febad1f9b530f355f8af763bcc3.jpg,2003,3,statue_images/JeffBagwell100.jpg,Robert Hogan,Minute Maid Park ,"Houston, Texas"
Jerry West ,34.043311,-118.266955,"Jerry West is an American former Basketball player. He played in the NBA from 1960 to 1974 for the Los Angeles Lakers. He is a fourteen time All Star, an NBA Finals Most Valuable Player, and an NBA championship. After his retirement, West became a coach and later, an executive. ", https://en.wikipedia.org/w/index.php?title=Jerry_West&oldid=907785477.,https://i.pinimg.com/originals/11/36/e8/1136e81c837b704d6aaaffc78f0d329a.jpg,2004,3,statue_images/JerryWest66.jpg,Omri Amrany & Julie Rotblatt Amrany ,Star Plaza at Crypto.com Arena ,"Los Angeles, California"
Jesse Owens ,34.438634,-87.169478,"Jesse Owens_ success at the Berlin Olympics was touted as a global victory. Owens competed in front of Hitler, who had organized the Olympics in Germany and not only did he win four gold medals and set three world records, but he debunked Hitler_s notions of racial inferiority in front of the world. Owens is still one of the most celebrated athletes of all time and has been dubbed as one of the greatest athletes of all time. ", https://en.wikipedia.org/w/index.php?title=Jesse_Owens&oldid=908086742.,http://jesseowensmemorialpark.com/wordpress1/wp-content/uploads/2012/12/Jesse-Owens-Statue-and-Home-Replica.jpg,2012,3,statue_images/JesseOwens36.jpg,Branko Medenica,Jesse Owens Memorial Park ,"Oakville, Alabama"
Jesse Owens (Cleveland),41.50233,-81.698528,"Jesse Owens was an American track and field and Olympic athlete. Owens is best known for his performance at the 1936 Olympics in Berlin. He won a total of four gold medals in the 100-meter, the 200-meter, the 4 x 100 meter relay, and the long jump.", https://en.wikipedia.org/w/index.php?title=Jesse_Owens&oldid=908086742.,https://s3.amazonaws.com/gs-waymarking-images/c9748749-c0ae-48d2-b1c3-dfaebe4cde92.JPG,1982,3,statue_images/JesseOwens37.jpg,WM. McVey,Huntington Park,"Cleveland, Ohio"
Jim Palmer ,39.28156667,-76.62194444,"Jim Palmer is an American retired baseball player. He played a total of nineteen seasons for the Baltimore Orioles, from 1965 to 1984. Palmer is a six-time All Star, a three-time World Series champion, and a four-time Gold Glove Award winner. He was inducted into the National Baseball Hall of Fame in 1990.", https://en.wikipedia.org/w/index.php?title=Jim_Palmer&oldid=903138231.,https://salcorntrav.files.wordpress.com/2014/09/jim-palmer.jpg,2011,3,statue_images/JimPalmer31.jpg,Antonia Mendez,Oriole Park,"Baltimore, Maryland"
Jim Thorpe ,40.878751,-75.726133,"Jim Thorpe was an American athlete who played football, baseball, basketball, and competed in the decathlon and pentathlon. Thorpe is the first Native person to win an Olympic gold medal. He won gold medals in the pentathlon and decathlon at the Stockholm Olympics in 1912. ", https://en.wikipedia.org/w/index.php?title=Jim_Thorpe&oldid=907441109.,https://www.mediastorehouse.com.au/p/251/usa-pennsylvania-jim-thorpe-statue-olympian-19514806.jpg.webp,1955,3,,Unknown,Jim Thorpe Memorial ,"Jim Thorpe, Pennsylvania"
Jimmie Foxx ,39.18408333,-75.85805556,"Jimmie Foxx was an American baseball player from 1925 to 1945. He played for the Philadelphia Athletics, Boston Red Sox, Chicago Cubs, and the Philadelphia Phillies. Foxx was a nine-time All Star, a two-time World Series champion, and a three-time American League Most Valuable Player. 
", https://en.wikipedia.org/w/index.php?title=Jimmie_Foxx&oldid=903739537.,https://www.roadsideamerica.com/attract/images/md/MDSUDjimmiefoxx_booher.jpg,1997,3,statue_images/JimmieFoxx21.jpg,Ken Herlihy,Sudlersville Train Station Museum,"Sudlersville, Maryland"
Joe Dimaggio ,41.869654,-87.662919,"Joe Dimaggio was an American baseball player. He played his entire thirteen-year career for the New York Yankees. Dimaggio is regarded as one of the best players to ever play professionally and he is best known for his 56 game hitting streak. He was a thirteen time all star, a nine-time World Series champion, and a three time American League Most Valuable Player. ", https://en.wikipedia.org/w/index.php?title=Joe_DiMaggio&oldid=908618330.,https://mlbforlife.com/wp-content/uploads/2014/11/joedimaggiostatue.jpg,1991,3,,Ferdinand Rebecchini,National Italian American Sports Hall of Fame,"Chicago, Illinois"
Joe Frasier,39.904482,-75.169367,"Joe Frazier was an American boxer; he was the heavyweight champion from 1970 to 1973. His most famous fights were against George Foreman and Muhammad Ali. He beat Ali in 1971 at what was dubbed, _fight of the century,_ and then lost his title to Foreman in1973. ", https://en.wikipedia.org/w/index.php?title=Joe_Frazier&oldid=906027540.,https://www.associationforpublicart.org/wp-content/uploads/2016/06/Joe_Frazier_Rogers_2016_17.jpg,2005,3,,Stephen Layne,Xfinity Live! Philadelphia,"Philadelphia, Pennsylvania"
Joe Louis ,32.8998,-85.401673,"Joe Louis is an American boxer who competed from 1934-1951. Louis was the reigning world champion from 1937 to 1949 and has been become one of the greatest boxers of all time.
", https://en.wikipedia.org/w/index.php?title=Joe_Louis&oldid=904819150.,https://s3.amazonaws.com/gs-waymarking-images/b149b698-b70b-4531-81c4-2d8b1eac83c2.jpg,2010,3,statue_images/JoeLouis11.jpg,Casey Downing Jr.,Chambers County Courthouse,"Layfayette, Alabama"
Joe Louis (fist),42.3285723,-83.043916,The Monument to Joe Louis is located in Detroit_s Hart Plaza. The monument depicts a twenty-four foot long forearm and fist that is meant to symbolize Louis_ dominance in the sport of boxing. The fist was dedicated in 1986 and remains a contested work of art within the city. , https://www.huffpost.com/entry/monument-to-joe-louis-fist-sculpture-25-years_n_1275709.,https://storage.googleapis.com/clio-images/large_23383.50089.jpg,1986,3,,Robert Graham,Financial District,"Detroit, Michigan"
John B. Kelly,39.986326,-75.201791,John B. Kelly was an American rower. He became the first three time Olympic champion in American rowing., https://en.wikipedia.org/w/index.php?title=John_B._Kelly_Sr.&oldid=897030447.,https://encrypted-tbn0.gstatic.com/images?q=tbn:ANd9GcT9t____H_SOxYtDsoRdBow7q9x8twvZLMC6Q&s,1967,3,,Harry Rosin,East Fairmount Park,"Philadelphia, Pennsylvania"
John Stockton ,40.768487,-111.901087,"John Stockton is an American former basketball player. He played his entire nineteen-season career with the Utah Jazz and is widely regarded as one of the greatest point guards. He still holds the record for most career assists and most steals. Stockton is a two-time NBA champion, a ten time NBA All Star, and a two time NBA Fist Team selection. _John Stockton.", https://en.wikipedia.org/w/index.php?title=John_Stockton&oldid=905375390.,https://www.usatoday.com/gcdn/media/2022/01/24/USATODAY/usatsports/c28ec51c9104408e86f5f1fbce7fb698.jpg?width=1200&disable=upscale&format=pjpg&auto=webp,2018,3,,Brian Challis,Delta Center,"Salt Lake City, Utah"
Johnny Unitas (Louisville),38.206215,-85.758475,"Johnny Unitas was a three-time NFL champion, a ten time Pro Bowl selection, and an NFL Man of the Year.", https://en.wikipedia.org/w/index.php?title=Johnny_Unitas&oldid=908129611.,https://www.courier-journal.com/gcdn/-mm-/62dc5de6085dab9e54c3e5fb13e26e80fe22adf6/c=0-309-3701-5244/local/-/media/2017/09/14/Louisville/Louisville/636410026376586931-9x5a4046.jpg,2012,3,,Frederick Nail,University of Louisville ,"Louisville, Kentucky"
Johnny Unitas (Baltimore),39.2838,-76.6217,"Johnny Unitas was an American football player. He played professionally from 1956 to 1973 and he played most of his career with the Baltimore Colts. He held the record for most consecutive games with a touchdown pass for 52 years, until Drew Brees surpassed him in 2012.", https://en.wikipedia.org/w/index.php?title=Johnny_Unitas&oldid=908129611.,https://i.pinimg.com/736x/36/1f/9c/361f9cc022eec6e01f4e09b7601353a7.jpg,2002,3,statue_images/JohnnyUnitas84.jpg,Fred Kail,M&T Bank Stadium,"Baltimore, Maryland"
Josh Gibson ,38.87402778,-77.0075,"Josh Gibson was one of the greatest baseball players to play in the Negro leagues. He began his career with the Homestead Grays in Pennsylvania and also played for the Pittsburgh Crawfords. He later played for the Mexican and Dominican Leagues and even became a manager for the Puerto Rican team, the Santruce Crabbers. He was a twelve time all star and a two-time Negro World Series champion. In 1972, Gibson became the second player from the Negro Leagues to be inducted into the Baseball Hall of Fame.", https://en.wikipedia.org/w/index.php?title=Josh_Gibson&oldid=904598840.,https://en.wikipedia.org/wiki/Josh_Gibson_(Amrany)#/media/File:Josh_gibson_nationals_park.JPG,2009,3,statue_images/JoshGibson2.jpg,Omri Amrany ,Nationals Park,Washington D.C.
Joy Selig,44.565235,-123.275254,Joy Selig is a former collegiate gymnast at Oregon State University. She competed in the floor exercise and the balance beam., https://en.wikipedia.org/w/index.php?title=Joy_Selig_(sculpture)&oldid=895109100.,http://3.bp.blogspot.com/-NFmRYtVg5lc/VNBuGIeEgdI/AAAAAAAAAGs/KBJ6sbcQUNk/s1600/0126151506b.jpg,1993,3,statue_images/JoySelig115.jpg,James Stephenson,Gladys Valley Gymnastics Center,"Corvallis, Oregon"
Judy Johnson ,39.732457,-75.565092,"Judy Johnson was an American baseball player in the Negro leagues from 1921-1937. Johnson, who was a third baseman, was part of the Pittsburgh Crawfords in 1935, which was widely regarded as the greatest team in Negro League history. Johnson was a two-time all star and a Negro Leagues champion. In 1975 he was elected into the Baseball Hall of Fame.", https://en.wikipedia.org/w/index.php?title=Judy_Johnson&oldid=896671960.,https://bmj2k.files.wordpress.com/2013/04/100_0031.jpg,1995,3,statue_images/JudyJohnson8.jpg,Phil Sumpter,Frawley Stadium,"Wilmington, Delaware"
Julius Erving ,39.9432,-75.1272,"Julius Erving, also known as _Dr.J,_ is an American former basketball player. He played from 1971 to 1987 in both the American Basketball Association (ABA) and the National Basketball Association (NBA). He is an NBA champion, an eleven-time All Star selection, and a two-time ABA champion. Erving was inducted into the Basketball Hall of Fame in 1993. 
", https://en.wikipedia.org/w/index.php?title=Julius_Erving&oldid=907347834.,https://pbs.twimg.com/media/DZ4Rcy5X4AEvQ6J.jpg,2018,3,,Chad Fisher,Philadelphia 76ers Practice Facility,"Camden, New Jersey"
Kareem Abdul-Jabbar ,34.043311,-118.266977,"Kareem Abdul-Jabbar is an American former basketball player. He played for twenty seasons for both the Milwaukee Bucks and the Los Angeles Lakers. He played for UCLA from 1966 to 1969 and was selected first overall in the NBA draft. Abdul-Jabbar is a six time NBA champion, a six time NBA Most Valuable Player, and a nineteen time All Star. He has always been an outspoken civil rights supporter and activist. ", https://en.wikipedia.org/w/index.php?title=Kareem_Abdul-Jabbar&oldid=906932252.,https://rotblattamrany.com/wp-content/uploads/2001/01/kareem.png,2017,3,,Omri Amrany & Julie Rotblatt Amrany ,Star Plaza at Crypto.com Arena ,"Los Angeles, California"
Karl Malone ,40.768487,-111.901087,"Karl Malone is an American former basketball player. He played from 1985 to 2004 and he played the bulk of his career for the Utah Jazz. He was a two time NBA Most Valuable Player, a fourteen time NBA All Star, and an eleven time NBA First Team selection. _Karl Malone.", https://en.wikipedia.org/w/index.php?title=Karl_Malone&oldid=908620721.,https://live.staticflickr.com/2163/2487116415_92a0e7514b_b.jpg,2005,3,,Brian Challis,Delta Center,"Salt Lake City, Utah"
Ken Griffey Jr. ,47.591518,-122.332058,"Ken Griffey Jr. is a former American baseball player. He played for 22 seasons in the MLB and was a 13 time all star in the league. Griffey Jr. is known as one of the greatest homerun hitters to play with 630 home runs, he is ranked seventh all time in homeruns.", https://en.wikipedia.org/w/index.php?title=Ken_Griffey_Jr.&oldid=908223158.,http://seattlebloggers.com/wp-content/uploads/2017/04/griffey-statue-6.jpg,2017,3,statue_images/KenGriffey122.jpg,Lou Cella,T-Mobile Park,"Seattle, Washington"
Kirby Puckett ,44.98172,-93.277353,"Kirby Puckett was an American baseball player. He played his entire career as a center fielder for the Minnesota Twins. Puckett was a ten time all star, a two time World Series champion, and a six time Silver Slugger award.", https://en.wikipedia.org/w/index.php?title=Kirby_Puckett&oldid=903664622.,https://tripleinthegap.files.wordpress.com/2010/04/img_2096-1.jpg,2010,3,statue_images/KirbyPuckett107.jpg,Bill Mack,Target Field ,"Minneapolis, Minnesota"
Kobe Bryant ,34.0235,-118.1602,"Kobe Bryant, also known as the Black Mamba, played for the Los Angeles Lakers for the entirety of his career, from 1996 to 2016. Bryant was an 18 time All Star, he won 5 Championships, and competed on Team USA in the 2008 and 2012 Olympics. Bryant died in a tragic helicopter accident on 2020. That same year, he was posthumously selected to enter the Naismith Basketball Hall of Fame.  ",https://www.nba.com/news/lakers-unveil-kobe-bryant-statue,https://cdn.nba.com/teams/uploads/sites/1610612747/2024/02/240208_kobe_statue_ceremony_statue_top_1000_0V2A1717.jpg,2024,3,,Omri Amrany ,Star Plaza at Crypto.com Arena,"Los Angeles, California"
Larry Bird ,39.476423,-87.405587,"Larry Bird is an American former basketball player, coach, and executive. He played for the Boston Celtics for the entirety of his thirteen-year career. Bird went on to coach the Indiana Pacers for three years and won Coach of the Year in 1998. Bird was a three time NBA champion, a two time Finals Most Valuable Player, and a three time NBA Most Valuable Player.", https://en.wikipedia.org/w/index.php?title=Larry_Bird&oldid=908047658.,https://i0.wp.com/vigilantsports.com/wp-content/uploads/2014/09/2014-09-10-Larry-Bird-statue-at-ISU3.jpg,2015,3,statue_images/LarryBird75.jpg,Bill Wolfe,Indiana State University,"Terre Haute, Indiana"
Larry Holmes ,40.689809,-75.206109,"Larry Holmes is an American former boxer. He competed from 1973 to 2002 and he fought a total of seventy-five matches, he won sixty-nine of them and lost on six. Holmes held the heavyweight title from 1978 to 1983 and he holds the record for the longest individual heavyweight streak.", https://en.wikipedia.org/w/index.php?title=Larry_Holmes&oldid=907524000.,https://i.pinimg.com/originals/3d/4d/20/3d4d20aa1a859e8cd9126d32a4ae781f.jpg,2017,3,statue_images/LarryHolmes69.jpg,Brian Hanlon,Scott Park,"Easton, Pennsylvania"
Magic Johnson (Los Angeles),34.043311,-118.266966,"Magic Johnson is an American former basketball player. He played for a total of thirteen seasons all for the Los Angeles Lakers. He is a five time NBA champion, a three time NBA Finals Most Valuable Player, and a twelve time NBA All Star. Johnson has also been a coach and President of Basketball Operations in the NBA. 
", https://en.wikipedia.org/w/index.php?title=Magic_Johnson&oldid=906612477.,https://live.staticflickr.com/197/502987351_246dd84e30_b.jpg,2012,3,,Omri Amrany & Julie Rotblatt Amrany ,Star Plaza at Crypto.com Arena ,"Los Angeles, California"
Magic Johnson (MSU),42.727852,-84.491704,"Magic Johnson played for Michigan State University from 1977 to 1979. Johnson had an average of 17.0 points, 7.9 rebounds, and 7.4 assists per game. In 1979 Johnson entered the draft and was drafted number one by the Los Angeles Lakers. ", https://en.wikipedia.org/w/index.php?title=Magic_Johnson&oldid=908699711.,https://mitch710blog.files.wordpress.com/2015/11/dscn0525.jpg,2008,3,statue_images/MagicJohnson112.jpg,Omri Amrany ,Michigan State University,"East Lansing, Michigan"
Mario Lemieux ,41.8807,-87.6742,Mario Lemieux is a former ice hockey player. He played seventeen seasons in the NHL for the Pittsburgh Penguins. Lemieux was nicknamed _the Magnificent One_ and _Super Mario._ Lemieux was inducted into the Hockey Hall of Fame immediately after his retirement in 1997. , https://en.wikipedia.org/w/index.php?title=Mario_Lemieux&oldid=905579344.,https://i.pinimg.com/originals/b2/40/3e/b2403ecbdb023930eaeeb34261cb1612.jpg,2012,3,statue_images/MarioLemieux81.jpg,Bruce Wolfe,Consol Energy Center,"Pittsburgh, Pennsylvania"
Michael Jordan ,41.875237,-87.624796,"Michael Jordan is an American former basketball player. Jordan played a total of fifteen seasons in the NBA from1984 to 2003, with a few seasons off throughout. He played for the Washington Wizards and the Chicago Bulls. While he played for the Bulls, Jordan became a six time NBA champion, a six time NBA Finals Most Valuable Player, and a five time NBA Most Valuable Player. Jordan continues to be named the greatest basketball player of all time. ", https://en.wikipedia.org/w/index.php?title=Michael_Jordan&oldid=908653959.,https://rotblattamrany.com/wp-content/uploads/2012/02/Jordanlarge-7-e1649177563372.jpg,1994,3,statue_images/MichaelJordan70.jpg,Omri Amrany & Julie Rotblatt Amrany ,United Center,"Chicago, Illinois"
Negro Leagues Memorial ,39.925655,-75.169255,"The Negro National League was established in Kansas City in 1920. The league originally consisted of eight professional teams. Although Black baseball leagues first existed in the 1880_s, many of them struggled and fizzled out. The league prospered for a few years, but ultimately fell apart in 1932 when World War II began. ", https://www.associationforpublicart.org/artwork/negro-leagues-memorial/.,https://www.associationforpublicart.org/wp-content/uploads/2015/11/Negro_Leagues_Memorial_Rogers_11_crop.jpg,2005,3,,Phil Sumpter,Fairmont Park,"Philadelphia, Pennsylvania"
Nolan Ryan ,29.423886,-95.245136,"Nolan Ryan is a former American baseball player who played for the New York Mets, the California Angels, the Houston Astros, and the Texas Rangers. Ryan was a pitcher throughout his 27 year career and consistently threw over 100 mph. He is an eleven-time strikeout leader, eight-time all star, and had his jersey retired for three different teams. Ryan currently holds the record for most no-hitters at seven and the most career strike outs at 5,714", https://en.wikipedia.org/w/index.php?title=Nolan_Ryan&oldid=908508922.,https://s3.amazonaws.com/gs-waymarking-images/31816269-c92d-45e8-93d3-94bb0a3a6b5f.jpg,1997,3,statue_images/NolanRyan6.jpg,Antonia Mendez,Global Life Field,"Arlington, Texas"
Oscar De La Hoya ,34.043311,-118.2669944,"Oscar De La Hoya is a Mexican-American former boxer. De La Hoya fought in six weight classes over his career, he won 39 out of 45 matches, and he won gold medals in the 1990 Goodwill Games in Seattle and a Gold in the 1992 Barcelona Olympics. He announced his retirement in 2009, after a sixteen-season career. ", https://en.wikipedia.org/w/index.php?title=Oscar_De_La_Hoya&oldid=907240038.,https://live.staticflickr.com/2588/3776859282_d68758b792_b.jpg,2011,3,,Erik Blome,Star Plaza at Crypto.com Arena ,"Los Angeles, California"
Oscar Robertson ,39.14277778,-84.50361111,"Oscar Robertson is an American former basketball player. He was nicknamed _Big O_ and played in the NBA from 1960 to 1974. He played for both the Cincinnati Royals and the Milwaukee Bucs over his career. Robertson is a twelve-time All Star, and NBA Most Valuable Player, and a three-time NBA All Star game Most Valuable Player.", https://en.wikipedia.org/w/index.php?title=Oscar_Robertson&oldid=908048507.,https://magazine.uc.edu/content/dam/magazine/images/0714/Sports%20-%20Tour/Big-O.jpg,2017,3,statue_images/OscarRobertson13.jpg,Jack Schultz,University of Cincinatti,"Cincinatti, Ohio"
Ozzie Smith ,38.622703,-90.192789,"Ozzie Smith is a former American baseball player. Smith played shortstop and was nicknamed _the Wizard._ He played his career for both the St. Louis Cardinals and the San Diego Padres. Smith is a fifteen time all star, a thirteen-time Gold Glove winner, and he set records for most double plays and assists. ", https://en.wikipedia.org/w/index.php?title=Ozzie_Smith&oldid=907832534.,https://bapple2286.files.wordpress.com/2009/12/statue-1.jpg,2002,3,statue_images/OzzieSmith104.jpg,Harry Weber,Busch Stadium,St. Louis Missouri
Pat Tillman (Tempe),33.426731,-111.932648,"Tillman played football for Arizona State University from 1994 to 1998. He was drafted as the 226th pick in the NFL draft by the Arizona Cardinals. Tillman was offered a 3.6 million dollar contract by the St. Louis Rams in 2002, but chose to enlist in the military instead.", https://www.biography.com/athlete/pat-tillman.,https://media.gettyimages.com/id/841412088/photo/tempe-az-the-new-pat-tillman-statue-stands-at-the-north-end-zone-during-the-new-mexico-state.jpg?s=612x612&w=gi&k=20&c=OuV1IuvT1eueHP4eqEAdM_YujFXgeXKBnSupkhqcD9c=,1994,3,,Jeff Davenport,Sun Devil Stadium,"Tempe, Arizona"
Pat Tilman (Glendale),33.527848,-112.262506,"Pat Tillman was an American football player who played in the NFL from 1998 to 2001 for the Arizona Cardinals. Tillman is renowned for his decision to leave the league and enlist in the military in lieu of the September 11th attacks. Tillman was killed by friendly fire on April 22, 2004 and has since become an icon in professional football.", https://en.wikipedia.org/w/index.php?title=Pat_Tillman&oldid=907977171.,https://s3.amazonaws.com/gs-waymarking-images/8c37af5d-a66c-49ce-a99d-d165ceb8b943.jpg,2017,3,statue_images/PatTilman72.jpg, Omri Amrany,Pat Tilman Freedom Plaza,"Glendale, Arizona"
Paul Anderson ,34.580731,-83.319863,"Paul Anderson was an American weightlifter, power lifter, and strongman. Anderson was also an Olympic athlete as well and he won the gold medal in 1956 games in Melbourne. Anderson played a big role in legitimizing weightlifting as a sport.", https://en.wikipedia.org/w/index.php?title=Paul_Anderson_(weightlifter)&oldid=906164209.,https://s3.amazonaws.com/gs-waymarking-images/fef2d895-2c01-430e-b9aa-4f2218c15733.JPG,2008,3,statue_images/PaulAnderson19.jpg,Jerry Mckenna,Paul Anderson Memorial Park,"Toccoa, Georgia"
Payne Stewart ,35.196176,-79.473717,Payne Stewart was an American golfer. He became a professional player in 1979 while he was still a student at Southern Methodist University. Stewart played until 1999 when he died in a plane accident. He ultimately won eleven PGA Tour events including two U.S. Open titles and two Open Championships., https://en.wikipedia.org/w/index.php?title=Payne_Stewart&oldid=905241601.,http://photos1.blogger.com/img/290/2845/1024/Payne%20Stewart%20Statue%20at%20Pinehurst.jpg,2000,3,statue_images/PayneStewart90.jpg,Zenos Frudakis ,Pinehurst Resort,"Pinehurst, North Carolina"
Peyton Manning ,39.760216,-86.163727,"Peyton Manning is an American former football player. He played from 1998 to 2015 and he played his entire career with both the Indianapolis Colts and the Denver Broncos. Manning played for the University of Tennessee and was drafted number one overall in the 1998 NFL draft. Manning is a two time Super Bowl champion, a fourteen time Pro Bowl selection, and a five time NFL Most Valuable Player. ", https://en.wikipedia.org/w/index.php?title=Peyton_Manning&oldid=907530491.,https://wearecreativeworks.com/wp-content/uploads/2017/10/06-Manning_Statue_Oct14-6_Compressed.jpg,2008,3,,Ryan Feeney,Lucas Oil Stadium,"Indianapolis, Indiana"
"Phil ""Knucksie"" Niekro",33.890905,-84.467662,"Phil _Knucksie_ Niekro is an American former baseball player. He played from 1964 to 1987 for a total of twenty-four seasons. He played for the Milwaukee/Atlanta Braves, New York Yankees, Cleveland Indians, Toronto Blue Jays, and the Atlanta Braves. He is a five-time All Star, a five-time Gold Glove winner, and a Roberto Clemente award winner. 
", https://en.wikipedia.org/w/index.php?title=Phil_Niekro&oldid=879118239.,https://s3.amazonaws.com/gs-waymarking-images/c12fde0c-903c-4645-882e-caa0b2de2509.jpg,1975,3,"statue_images/Phil""Knucksie""44.jpg",Ed Dwight,Suntrust Park,"Atlanta, Georgia"
Ray Lewis ,39.278203,-76.622619,"Ray Lewis is a former American football player. Lewis played his entire seventeen seasons with the Baltimore Ravens and is widely considered as the best Ravens players to play for the franchise. He is a two-time Super Bowl champion, a thirteen time Pro Bowl selection, and a two-time Defensive Player of the Year. _Ray Lewis.", https://en.wikipedia.org/w/index.php?title=Ray_Lewis&oldid=904056203.,https://i.pinimg.com/originals/7e/d4/f7/7ed4f71f07eaca09d5189a98f29e6b21.jpg,2019,3,statue_images/RayLewis85.jpg,Fred Kail,M&T Bank Stadium,"Baltimore, Maryland"
Richard Petty ,35.818134,-79.804983,"Richard Petty is an American former NASCAR driver. Petty raced from 1958 to 1992 and was the first driver to win the NASCAR Cup Championship seven times. He won over 200 races over his career. Petty remains one of the most prominent and accomplished racers ever to engage in the sport.
", https://en.wikipedia.org/w/index.php?title=Richard_Petty&oldid=907168543.,https://s3.amazonaws.com/gs-waymarking-images/e9c1f352-9442-4909-ac2f-ccc530541b0d.jpg,1992,3,statue_images/RichardPetty41.jpg,Ed Walker,Richard Petty Racing Museum,"Randleman, North Carolina"
Ricky Williams ,30.283867,-97.73232,Ricky Williams is an American former football player who played twelve seasons in the NFL. He played for the University of Texas and won the Heisman Trophy and he was drafted fifth overall by the New Orleans Saints. He played for five teams over his professional career and was selected to the Pro Bowl and became the Pro Bowl Most Valuable Player. , https://en.wikipedia.org/w/index.php?title=Ricky_Williams&oldid=907630828.,https://www.statesman.com/gcdn/authoring/authoring-images/2023/11/03/NAAS/71437561007-texfoot-1.jpg?width=1733&height=1156&fit=crop&format=pjpg&auto=webp,2006,3,,David Deming,"Darrell K Royal-Texas Memorial Stadium at University of Texas, Austin","Austin, Texas"
Robert Marvin Hull ,41.880882,-87.674187,"Bobby Hull is a Canadian former ice hockey player. He played in the NHL for a total of twenty-three seasons and he played for the Winnipeg Jets, the Hartford Whalers, and the Chicago Black Hawks. He was the NHL_s Most Valuable Player twice, he won the Stanley Cup, and he was inducted into the Hockey Hall of Fame in 1983. ", https://en.wikipedia.org/w/index.php?title=Bobby_Hull&oldid=905365768.,http://www.rotblattamrany.com/wp-content/uploads/2012/10/01BobbyHull.jpg,2011,3,statue_images/RobertMarvin80.jpg,Omri Amrany ,United Center,"Chicago, Illinois"
Roberto Walker Clemente ,40.590286,-80.008375,"Roberto Walker Clemente was a Puerto Rican baseball player. He played a total of eighteen seasons for the Pittsburgh Pirates from 1955 to 1972. He was inducted into the National Baseball Hall of Fame in 1973 and he was the first Latin American and Caribbean player to be included. Clemente was a fifteen time All Star, a two-time World Series champion, and a National League Most Valuable Player. ", https://en.wikipedia.org/w/index.php?title=Roberto_Clemente&oldid=908136572.,https://9b16f79ca967fd0708d1-2713572fef44aa49ec323e813b06d2d9.ssl.cf2.rackcdn.com/600x_a4-3_cTC/20200909mfbucssports05-1614984761.jpg,1992,3,,Susan Wagner,PNC Park,"Pittsburgh, Pennsylvania"
Rod Carew ,44.981955,-93.277353,"Rod Carew is a former American baseball player. Carew played first base and second base and eventually became a coach. He was an eighteen time all star, an American League Most Valuable Player, and an American League Rookie of the Year.", https://en.wikipedia.org/w/index.php?title=Rod_Carew&oldid=899879640.,https://c8.alamy.com/comp/2JT8PKY/the-statue-of-minnesota-twins-legend-rod-carew-in-front-of-the-franchises-home-stadium-target-field-in-minneapolis-2JT8PKY.jpg,2010,3,,Bill Mack,Target Field ,"Minneapolis, Minnesota"
Roy Campanella ,42.700252,-74.923257,Roy Campanella was an American baseball player and he was primarily a catcher. He played for the Negro leagues and Mexican leagues until he entered the minor leagues in 1946. His career as a baseball player ended in 1958 when he was paralyzed in a car accident., https://en.wikipedia.org/w/index.php?title=Roy_Campanella&oldid=907587591.,https://st4.depositphotos.com/1006214/21819/i/1600/depositphotos_218199300-stock-photo-cooperstown-new-york-sept-2018.jpg,2001,3,,Stanley Bleifield,National Baseball Hall of Fame Museum,"Brooklyn, New York"
Sandy Koufax,34.0739,-118.24,Sandy Koufax played for the Brooklyn/Los Angeles Dodgers baseball franchise from 1955 to 1966. He is colloquially known as the Left Arm of God and is widely regarded as one of the best pitchers in baseball history. ,https://en.wikipedia.org/wiki/Sandy_Koufax,https://media.nbclosangeles.com/2022/06/GettyImages-1241389624.jpg?quality=85&strip=all&resize=1200%2C675,2022,3,,Branly Cadet,Dodger Stadium,"Chavez Ravine, Los Angeles "
Scottie Pippen ,41.880882,-87.674187,"Scottie Pippen is a former American basketball player. He played a total of seventeen seasons in the NBA and he was part of the Chicago Bulls team that won six NBA championships. Pippen was a seven time all star, a three time all NBA Fist Team selection, and an eight time NBA All-Defensive First Team. ", https://en.wikipedia.org/w/index.php?title=Scottie_Pippen&oldid=906773339.,http://thehoopdoctors.com/wp-content/uploads/2011/04/scottie-pippen-statue-rt-float-1.jpg,2006,3,statue_images/ScottiePippen78.jpg,Julie Amrany,United Center,"Chicago, Illinois"
Shaquille O'Neal ,34.043311,-118.266988,"Shaquille O_Neal is an American former basketball player. O_Neal played for a total of nineteen seasons for a total of six teams; the Orlando Magic, Los Angeles Lakers, Miami Heat, Phoenix Suns, Cleveland Cavaliers, and the Boston Celtics. O_Neal_s famed years came from his time on the Lakers where he helped win three NBA championship titles. He is a three time Final_s Most Valuable Player, a fifteen time All Star, and an NBA Most Valuable Player.
", https://en.wikipedia.org/w/index.php?title=Shaquille_O%27Neal&oldid=906833785.,https://www.hollywoodreporter.com/wp-content/uploads/2017/03/shaq_statue.jpg?w=1047&h=1126&crop=1,2018,3,,Omri Amrany & Julie Rotblatt Amrany ,Star Plaza at Crypto.com Arena ,"Los Angeles, California"
Shaquille O'Neal (LSU),30.414498,-91.184594,"Shaquille O_Neal played basketball for Louisiana State University from 1989 to 1992. He was a three time all SEC player, a two time SEC all-defense selection, and a two time SEC player of the year. O_Neal was drafted in 1992 in the first round by the Orlando Magic. ", https://www.basketball-reference.com/players/o/onealsh01.html.,"https://images.rivals.com/image/upload/f_auto,q_auto,t_large/tuflpq24vetosyzirrok",1998,3,,Brian Hanlon,Lousianna State University,"Baton Rouge, Louisiana"
Stanislav Mikita ,41.880882,-87.674187,"Stan Mikita is a Canadian former ice hockey player. He played for the Chicago Black Hawks, who won the Stanley Cup in 1961. _Stan Mikita.", https://en.wikipedia.org/w/index.php?title=Stan_Mikita&oldid=902303509.,https://s3.amazonaws.com/gs-waymarking-images/888de9a4-5821-4c5b-9e1d-c082d577cd86.jpg,2011,3,statue_images/stanislavMikita79.jpg,Julie Amrany,United Center,"Chicago, Illinois"
Steve Roland Prefontaine ,44.051465,-123.085485,"Steve Prefontaine was an American middle and long distance runner. He competed in the 1972 Olympics and won a gold medal in the 5000 meter at the Pan American games. He was tragically killed in an automobile accident in 1975 at the age of 24. 
", https://en.wikipedia.org/w/index.php?title=Steve_Prefontaine&oldid=905324024.,https://npr.brightspotcdn.com/dims4/default/7bc54c2/2147483647/strip/true/crop/3190x2670+0+0/resize/1760x1474!/format/webp/quality/90/?url=http%3A%2F%2Fnpr-brightspot.s3.amazonaws.com%2F68%2F09%2F2ae384df48dda1c92ad171d0f93a%2Fyou-can-see.jpg,1992,3,statue_images/SteveRoland42.jpg,Mike Leckie,Travelling ,Oregon
Ted Williams ,42.3663,-71.0603,"Ted Williams was an American baseball player who played from 1939 to 1960. He played all of his nineteen seasons with the Boston Red Sox as a left fielder. But like many baseball players of the time, World War II and military service upended Williams_ career. He is regarded as one of the best hitters of all time. He was a nineteen time all star, a two time American League Most Valuable Player, a four-time American League home run leader. ", https://en.wikipedia.org/w/index.php?title=Ted_Williams&oldid=907888566.,http://northendwaterfront.com/wp-content/uploads/2012/04/Ted-Williams-Statue-by-Joe-Gallo.jpg,2004,3,statue_images/TedWilliams93.jpg,Franc Talarico,Fenway Park,"Boston, Massachusetts"
Terry Lee ,33.810353,-84.394042," Terry Lee was an American athlete who competed successfully in the National Wheelchair Games. Lee competed in the pentathlon where he did the shot put, javelin, wheelchair sprint, swimming, and archery. Lee remained a supporter of differently abled people and was a large part of the YMCA_s Youth Wheelchair Sports Program.
", https://news.shepherd.org/terry-lees-legacy-lives-on-at-shepherd-center/.,https://content.presspage.com/uploads/1006/c800_terryleestatue2011-342.jpg?10000,1986,3,statue_images/TerryLee40.jpg,Ed Dwight,Shepherd Center,"Atlanta, Georgia"
Thoroughbred Park Sculptures,38.04230556,-84.45861111,"The thoroughbred Park Sculptures are located in Lexington, Kentucky in Triangle Park. There a total of seven sculptures and each of them depict a famous racehorse and their jockey. The sculptures are arranged in a way that makes them look like they are in the middle of a race and they were erected in order to celebrate the rich equine history of Lexington. ", https://www.triangleparklexington.org/thoroughbred-park/.,https://horseracingandthoroughbredpark.files.wordpress.com/2011/11/thoroughbred_pa-0441_236581.jpg,2002,3,statue_images/ThoroughbredPark14.jpg,Gwen Reardon,Thoroughbred Park,"Lexington, Kentucky"
Tim Tebow ,29.650202,-82.348682,"Tim Tebow is an American baseball and football player. He played football for the University of Florida and won the Heisman trophy in 2007. The Denver Broncos drafted him in the first round that same year. Tebow is most famous for his touchdown celebration, which consisted of him taking a knee and thanking God.", https://en.wikipedia.org/w/index.php?title=Tim_Tebow&oldid=907354489.,https://i.pinimg.com/originals/98/6d/c3/986dc370f0c51a63fcf2daa8a07cf958.jpg,2011,3,statue_images/TimTebow121.jpg,Sandy Proctor,University of Florida,"Gainesville, Florida"
Tommie smith and John Carlos ,37.335648,-121.882413,"Tommie Smith and John Carlos are two American former track and field athletes. Both of these men attended San Jose State University and were part of the track and field team where they competed in sprint events. Smith and Carlos became famous for their 1968 protests at the Mexico City Olympics. The two sprinters took first and third place in the 200 meter race and when they went to accept their medals, the raised their fists on the podium in protest of the mistreatment of Black Americans. Smith and Carlos continue to be outspoken supporters of civil right. 
 _1968 Olympics Black Power Salute.
", https://en.wikipedia.org/w/index.php?title=1968_Olympics_Black_Power_salute&oldid=907803168.,https://s3.amazonaws.com/gs-waymarking-images/264e30c5-449a-4de2-b5dd-acb2b86cbe12.jpg,1999,3,statue_images/Tommiesmith55.jpg,Rigo 23,San Jose State University,"San Jose, California "
Tony Gwynn ,32.709724,-117.156708,"Tony Gwynn was an American baseball player from 1982-2000. Gwynn played for the San Diego Padres club and was nicknamed _Mr. Padre._ Gwynn is known as one of the most consistent batters in MLB history. He was a fifteen time all star, five-time Golden Glove winner, and an eight time National League bating champion. ", https://en.wikipedia.org/w/index.php?title=Tony_Gwynn&oldid=908136599.,https://www.eastvillagetimes.com/wp-content/uploads/2016/05/gwynn2-1.jpg,2009,3,statue_images/TonyGwynn109.jpg,William Behrends,Petco Park,"San Diego, California"
Ty Cobb ,42.339622,-83.048396,"Ty Cobb is an American baseball player who played center field for the Detroit Tigers for twenty-two seasons. In 1936 Cobb received the most votes any player has gotten on a Hall of Fame ballot with 222 out of 226 votes. Cobb has been credited with setting over 90 MLB records during his career. Cobb holds the records for most home bases stolen, the record for youngest player ever to get 4,000 hits, and 2,000 runs.
", https://en.wikipedia.org/w/index.php?title=Ty_Cobb&oldid=904720643.,https://mlblogstheballparkguide.files.wordpress.com/2014/06/comerica-park-ty-cobb-statue.jpg,1977,3,statue_images/TyCobb10.jpg,Felix De Weldon,Turner Field,"Atlanta, Georgia"
Walter Johnson ,38.873261,-77.007433,"Walter Johnson was an American baseball player. He played for twenty-one seasons for the Washington Senators, from 1907 to 1927. Johnson is still regarded as one of the best pitchers of all time and he set many pitching records that still remain unbroken today. He is a twelve-time All Star, a two-time American League Most Valuable Player, and holds the MLB record for 110 strikeouts. ", https://en.wikipedia.org/w/index.php?title=Walter_Johnson&oldid=907329003.,https://img.atlasobscura.com/lfc12BpPZw7enfMkUCN5ZMHqL36cn5LDcWvev5bVZtg/rt:fit/h:390/q:81/sm:1/scp:1/ar:1/aHR0cHM6Ly9hdGxh/cy1kZXYuczMuYW1h/em9uYXdzLmNvbS9h/cHBfdXBsb2Fkcy9w/bGFjZV9pbWFnZXMv/dXNlcl8yODY1NTE4/XzdhYjRjZTliLTEy/MmMtNGYwYi1hNmE4/LTAyZGNlZTA1Njhk/Zg.jpg,2009,3,,Omri Amrany & Julie Rotblatt Amrany ,Nationals Park,Washington D.C.
Warren Spahn ,34.842838,-95.56653,"Warren Spahn was an American baseball player who played his entire twenty-one year career with teams in the National League. Spahn was a pitcher, a seventeen time all star, and a World Series champion. In 1942, During World War II, Spahn enlisted in the military and did not return to baseball until 1946. ", https://en.wikipedia.org/w/index.php?title=Warren_Spahn&oldid=908103040.,https://s3.amazonaws.com/gs-waymarking-images/76772fe2-d702-4f3a-b56a-6542c33e1189.JPG,2003,3,statue_images/WarrenSpahn97.jpg,Shan Grey,Bricktown Ballpark,"Oklahoma City, Oklahoma"
William Beck Nicholson ,39.20955556,-76.06611111,"William Beck Nicholson was an American former baseball player. He played in the MLB from 1936 to 1953 for the Philadelphia Athletics, Chicago Cubs, and the Philadelphia Phillies. Nicholson is a five-time All Star, a two-time National League Home Run leader, and a two-time National League RBI leader. 
 _Bill Nicholson (Baseball).
", https://en.wikipedia.org/w/index.php?title=Bill_Nicholson_(baseball)&oldid=894567985.,https://s3.amazonaws.com/gs-waymarking-images/eff1eae6-dc28-428c-aa5f-f30ed46f7bd3.JPG,1992,3,statue_images/WilliamBeck9.jpg,Ken Herlihy,Kent County Visitors Center,"Chestertown, Maryland"
Willie Mays ,37.778943,-122.389313,"Willie Mays is a former American baseball player. He played for the New York and San Francisco Giants and the New York Mets from 1951 to 1973. He is regarded as one of the best baseball player of all time and was selected to the Baseball Hall of Fame in 1979. Mays is a 24 time all star, a two time National League Most Valuable Player, and a twelve time Gold Glove Award. ", https://en.wikipedia.org/w/index.php?title=Willie_Mays&oldid=907566164.,https://farm3.static.flickr.com/2453/3912964745_b4fe74b883.jpg,2000,3,statue_images/WillieMays87.jpg,William Behrends,Oracle Park,"San Francisco, California "
Willie McCovey ,37.776789,-122.387414,"Willie McCovey was an American baseball player. He was the first baseman for the San Francisco Giants; he also played for the San Diego Padres, and the Oakland Athletics. McCovey was a six time all star, a Rookie of the year, and three-time National League homerun leader._Willie McCovey.", https://en.wikipedia.org/w/index.php?title=Willie_McCovey&oldid=897930009.,https://bapple2286.files.wordpress.com/2011/01/mccovey10a.jpg,2008,3,statue_images/WillieMcCovey106.jpg,William Behrends,San Francisco,AT&T Park
Willie Stargell ,40.447665,-80.004253,"Willie Stargell was an American baseball player. He played from 1962 to 1982 and he played his whole career for the Pittsburgh Pirates. Stargell was a seven time all star, a two-time World Series champion, and a World Series Most Valuable Player.  ", https://en.wikipedia.org/w/index.php?title=Willie_Stargell&oldid=905538932.,https://3.bp.blogspot.com/-Houvw-Ud7Gk/U0VyWxUrmxI/AAAAAAAAG-E/VT-iSjICBZgRNgF_vFiHWboMAxBokv3XQCKgB/s800/sculpture-pittsburgh-northshore-pnc-park-willie-stargell-susan-wagner-pops-1.jpg,2001,3,,Susan Wagner,PNC Park,"Pittsburgh, Pensylvania"
Wilma Rudolph ,36.534185,-87.366633,"Wilma Rudolph was an American former sprinter and track and field athlete. In the 1960s Rudolph was dubbed the fastest woman in the world and she became the first American woman to win three Olympic gold medals in a single Olympics at the 1960 games in Rome. Rudolph was an ardent civil rights activist who fought to have her home coming parade in Clarksville, Tennessee, integrated. ", https://en.wikipedia.org/w/index.php?title=Wilma_Rudolph&oldid=907180328.,https://clarksvillenow.sagacom.com/files/2018/06/Wilma-Rudolph-001.jpg,2012,3,,Howard Brown,Wilma Rudolph Event Center,"Clarksville, Tennesee"
Wilt Chamberlain ,39.901448,-75.17199,"Wilt Chamberlain was an American basketball player. He played for the Philadelphia/San Francisco Warriors and the Los Angeles Lakers over his fourteen-year career. Chamberlain holds records for rebounds and scoring and is still the only player to ever score one hundred points in a single game. Chamberlain is regarded as one of the best players to play the game; he is a two-time NBA champion, a thirteen time All Star, and a seven time NBA scoring champion. ", https://en.wikipedia.org/w/index.php?title=Wilt_Chamberlain&oldid=908048482.,https://rotblattamrany.com/wp-content/uploads/2012/10/01-33-chamberlain.jpg,2007,3,,Omri Amrany ,Wells Fargo Center,"Philadelphia, Pennsylvania"
Young Corbet III,36.70033333,-119.7841667,"Young Corbet III, born Ralph Giordano, was an Italian-born American boxer. Corbet was the World Welterwight champion in 1933, he was inducted into the Italian American Sports Hall of Fame in 1982, and the International Boxing Hall of Fame in 2004. ", https://en.wikipedia.org/w/index.php?title=Young_Corbett_III&oldid=898454705.,https://storage.googleapis.com/clio-images/medium_46388.119156.jpg,1973,3,,Clement Remzi,Selland Arena,"Fresno, California"